{
  "IcoMoonType": "selection",
  "icons": [
    {
      "icon": {
        "paths": [
          "M512.051 399.36c-62.208 0-112.691 50.432-112.691 112.64s50.483 112.64 112.691 112.64c62.208 0 112.589-50.432 112.589-112.64s-50.381-112.64-112.589-112.64zM153.651 399.36c-62.208 0-112.691 50.432-112.691 112.64s50.483 112.64 112.691 112.64c62.208 0 112.589-50.483 112.589-112.64s-50.381-112.64-112.589-112.64zM870.451 399.36c-62.208 0-112.691 50.432-112.691 112.64s50.483 112.64 112.691 112.64c62.208 0 112.589-50.432 112.589-112.64s-50.381-112.64-112.589-112.64z"
        ],
        "attrs": [
          {}
        ],
        "isMulticolor": false,
        "isMulticolor2": false,
        "tags": [
          "dots-three-horizontal"
        ],
        "grid": 20
      },
      "attrs": [
        {}
      ],
      "properties": {
        "order": 1,
        "id": 0,
        "prevSize": 20,
        "code": 59648,
        "name": "dots-three-horizontal"
      },
      "setIdx": 0,
      "setId": 1,
      "iconIdx": 0
    },
    {
      "icon": {
        "paths": [
          "M512 0c-281.6 0-512 230.4-512 512s230.4 512 512 512 512-230.4 512-512-227.8-512-512-512zM747.6 739.8c-10.2 15.4-28.2 20.4-43.6 10.2-120.4-74.2-271.4-89.6-450.6-48.6-18 5.2-33.2-7.6-38.4-23-5.2-18 7.6-33.2 23-38.4 194.6-43.6 363.6-25.6 496.6 56.4 18 7.6 20.6 28 13 43.4zM809 599c-12.8 18-35.8 25.6-53.8 12.8-138.2-84.4-348.2-110-509.4-58.8-20.4 5.2-43.6-5.2-48.6-25.6-5.2-20.4 5.2-43.6 25.6-48.6 186.8-56.4 417.2-28.2 576 69.2 15.2 7.6 23 33.2 10.2 51zM814 455.6c-163.8-97.2-437.8-107.6-594-58.8-25.6 7.6-51.2-7.6-58.8-30.8-7.6-25.6 7.6-51.2 30.8-58.8 181.8-53.8 481.2-43.6 670.8 69.2 23 12.8 30.8 43.6 18 66.6-13 17.8-43.6 25.4-66.8 12.6z"
        ],
        "attrs": [
          {}
        ],
        "isMulticolor": false,
        "isMulticolor2": false,
        "tags": [
          "spotify",
          "brand",
          "social"
        ],
        "grid": 16
      },
      "attrs": [
        {}
      ],
      "properties": {
        "order": 1,
        "id": 0,
        "name": "spotify, brand, social",
        "prevSize": 32,
        "code": 59649
      },
      "setIdx": 1,
      "setId": 0,
      "iconIdx": 0
    }
  ],
  "height": 1024,
  "metadata": {
    "name": "icomoon"
  },
  "preferences": {
    "showGlyphs": true,
    "showCodes": true,
    "showQuickUse": true,
    "showQuickUse2": true,
    "showSVGs": true,
    "fontPref": {
      "prefix": "icon-",
      "metadata": {
        "fontFamily": "icomoon",
        "majorVersion": 1,
        "minorVersion": 0
      },
      "metrics": {
        "emSize": 1024,
        "baseline": 6.25,
        "whitespace": 50
      },
      "embed": false,
      "noie8": true,
      "ie7": false,
      "showSelector": false,
      "showMetrics": false,
      "showMetadata": false,
      "showVersion": false
    },
    "imagePref": {
      "prefix": "icon-",
      "png": true,
      "useClassSelector": true,
      "color": 0,
      "bgColor": 16777215
    },
    "historySize": 100
  }
}